		2019-10-19 07:34:03 RT @Anna_Soubry : FYI @BBCPolitics @BBCr4today @bbclaurak @BBCNormanS please do n't swallow No 10 lines !

		The
Letwin	PERSON	amendment is to stop a no ... 2019-10-19 07:34:03 RT @BettinaSRoss1 : I 've come from
Germany	LOCATION	to join today 's #peoplesmarch not just to oppose #Brexit , but all it stands for : The loss of hon ... 2019-10-19 07:34:03 RT @peoplesvote_uk : BREAKING :
John Baron	PERSON	reveals the NO DEAL promise from
Michael Gove	PERSON	&
Dominic Raab	PERSON	that is making #Brexit extremists vot ... 2019-10-19 07:34:02 RT @CllrBSilvester : #Thesera brought back a deal #Boris brought back a deal .

		Most MPs insist we must have a deal .

		Why all this fuss over a ... 2019-10-19 07:34:01 RT @Jessica12uk : @AEHALL1983 He stood up for his principles , led a movement , put MPs on the spot & helped to THWART leaving the
EU	ORGANIZATION	.

		3 yea ... 2019-10-19 07:34:00 RT @BenPBradshaw : No , @BBCNews , the
Letwin	PERSON	amendment is not about `` more uncertainty & delay '' .

		It 's an insurance policy , in case
Johnson	PERSON	's d ... 2019-10-19 07:33:57 RT @swScotland4Eur1 : The #PeoplesVoteMarch today is a reminder to MPs that a narrow majority voted for #Brexit .

		The 48 % should not be ignor ... 2019-10-19 07:33:56 #Breaking today : #brexit ‚ÅâÔ∏è üá™üá∫ üîô üá¨üáß üîú Brrrrrroris Johnson üîö https://t.co/COPPH7lDXF2019-10-19 07:33:54 RT @peoplesvote_uk : `` Now they are old enough , wish to express their views in a referendum '' Sir
John Major	PERSON	talks about the 2m new young peo ... 2019-10-19 07:33:54 RT @BettinaSRoss1 : I 've come from
Germany	LOCATION	to join today 's #peoplesmarch not just to oppose #Brexit , but all it stands for : The loss of hon ... 2019-10-19 07:33:53 RT @AEHALL1983 : This man has stood outside
Parliament	ORGANIZATION	every day for 3 and a half years shouting `` Stop #Brexit '' over and over .

		In two weeks ... 2019-10-19 07:33:52 RT @RichardAENorth : Brexit : end of the beginning ?

		- Soon , people will begin to appreciate the vacuity of
Johnson	PERSON	's `` let 's get Brexit done '' ... 2019-10-19 07:33:52 RT @peoplesvote_uk : BREAKING :
John Baron	PERSON	reveals the NO DEAL promise from
Michael Gove	PERSON	&
Dominic Raab	PERSON	that is making #Brexit extremists vot ... 2019-10-19 07:33:51 RT @Helen_Whately : On the way to #Parliament from #faversham to vote for the deal .

		Prime Minister @BorisJohnson has done what many said was ... 2019-10-19 07:33:48 RT @peoplesvote_uk : `` Now they are old enough , wish to express their views in a referendum '' Sir
John Major	PERSON	talks about the 2m new young peo ... 2019-10-19 07:33:47 RT @just_polling : #BrexitDeal #poll .

		No 2 .

		#BrexitShambles #BrexitVote #brexit ‚ùóÔ∏è ‚ùóÔ∏è ‚ùóÔ∏è ‚ùóÔ∏è 6 hour poll - please vote and retweet ‚ùóÔ∏è ‚ùóÔ∏è ‚ùóÔ∏è Shou ... 2019-10-19 07:33:47 RT @iainjwatson : Long standing brexiteer @PeterBoneUK intriguingly tells @BBCBreakfast that if the
Letwin	PERSON	amendment potentially to delay # b ... 2019-10-19 07:33:47 RT @jesuisELP :
Stephen Barclay	PERSON	confirms on #bbcnews no economic analysis has been done by
UKG	ORGANIZATION	on the deal .

		Disgraceful to make MPs vote on ... 2019-10-19 07:33:47 RT @peoplesvote_uk : `` How can it be undemocratic to ask the British people for their final opinion ? ''

		WATCH :
Tony Blair	PERSON	is absolutely right ... 2019-10-19 07:33:44 RT @Eminescu : Destroying the country because `` we need to move on '' is the most inane reason an MP can give for voting for
Johnson	PERSON	's #brexit ...

