		2019-10-19 07:34:30 @DaveNYviii Yeah , then show me the indictments
Dave	PERSON	.

		Cuz I can show you dozens of indictments from the ... https://t.co/s4uTxC8ZwH2019-10-19 07:34:17 RT @adamzyglis : Feasting on
Trump	PERSON	's incompetence ... -LRB- After
James Gillray	PERSON	's The Plumb-pudding in Danger -RRB- #Trump #Putin #Russia #Syria #Turke ... 2019-10-19 07:34:07 RT @RexByner : @PamelaPatriot @RosiePunch @stweetleigh @DeniseInNC @MPFIED @CuntyLiberal @KayKai_LaGhost #Trump @DrVanHelsingPhD @RealDesert ... 2019-10-19 07:34:05 RT @in_pubs : I 'm a Veteran , I stand with General
Mattis	PERSON	.

		#Trump is nothing but a draft dodging coward who is destroying this Nation and oth ... 2019-10-19 07:34:04 RT @AndyOstroy : @realDonaldTrump .@MittRomney is 1000 times the man you are .

		He 's respected , self-made , his wife loves him and #Putin didn ' ... 2019-10-19 07:34:04 @ewarren @HolisticPsy1 Despicable f# $ ng behavior by the
Trump	ORGANIZATION	admin & and their accomplices .

		So long as they are no ... https://t.co/GxY3F7KimW2019-10-19 07:33:59 RT @TrumpGirlOnFire : To
Adam Schiff	PERSON	... We the People want to know why you are trying to take our President down unlawfully !

		Over 63 M peop ... 2019-10-19 07:33:50 RT @WBAP247NEWS : 20,000 inside the AAC & appears at least the same outside watching @realDonaldTrump
Dallas	LOCATION	Rally !

		#TrumpRallyDallas #Trump ... 2019-10-19 07:33:39 RT @KLSouth : #Trump Campaign to Sue @CNN - Demands ` Substantial ' Damages From Bias Following O'Keefe Undercover Video Exposé .

		https://t.co/…2019-10-19 07:33:34 RT @AndyOstroy : @realDonaldTrump Fuck you , #Trump .

		You started this bloodshed , you sociopath .

		You `` saved '' nobody .

		You caused the #Kurds , ou ... 2019-10-19 07:33:28 You mean #Trump to #Syrians .

		Fight for #PuertoRico #Guam independence before you give Syrian homeland to #Syrian ... https://t.co/gVjIr3J9vN2019-10-19 07:33:23 RT @LairdMWilcox : #MITT_ROMNEY has been enlisted by the globalist
NWO	ORGANIZATION	to help take #TRUMP down .

		This will become more and more apparent as ... 2019-10-19 07:33:21 People on the world https://t.co/bnlBOBFEyh #war #peace #Yemen #syria #israel #dwp #trump #palestine #humanrights #freemusic 182019-10-19 07:33:20 RT @TrumpGirlOnFire : To
Adam Schiff	PERSON	... We the People want to know why you are trying to take our President down unlawfully !

		Over 63 M peop ... 2019-10-19 07:33:14 RT @Can2geterdone : #Trump Threatens #CNN with Lawsuit After Undercover #Veritas Video Emerges !

		Please Mr. President , file the Lawsuit .

		T ... 2019-10-19 07:33:10 RT @forcemultsteve : @haydenblack the clear and present danger to
America	LOCATION	is #Trump #grifter #racist serial #liar #Mentalhealth nutcase with ... 2019-10-19 07:33:07 @i24NEWS_EN @JessieJaneDuff @MichelleMakori #Trump , for whatever reason , has made a major error of judgement .

		... https://t.co/Q4nL8CFCk32019-10-19 07:32:57 @ralphreed @CNN @ewarren
Ralph Reed	PERSON	gets paid to divert conservative energy into loser issues like abortion and ser ... https://t.co/eSscWxicg32019-10-19 07:32:50 RT @AndyOstroy : @realDonaldTrump You 're 100 % right .

		It was NOT intended that a president would be a dangerous , pathologically-lying corrupt ... 2019-10-19 07:32:42 RT @mayawiley : It gets worse .

		`` around Jan ` 19 #Giuliani requested a visa for former Ukrainian prosecutor-general
Viktor Shokin	PERSON	'' to bring di ...

